-- phpMyAdmin SQL Dump
-- version 4.2.11
-- http://www.phpmyadmin.net
--
-- Servidor: 127.0.0.1
-- Tiempo de generación: 16-07-2015 a las 03:11:32
-- Versión del servidor: 5.6.21
-- Versión de PHP: 5.6.3

SET SQL_MODE = "NO_AUTO_VALUE_ON_ZERO";
SET time_zone = "+00:00";


/*!40101 SET @OLD_CHARACTER_SET_CLIENT=@@CHARACTER_SET_CLIENT */;
/*!40101 SET @OLD_CHARACTER_SET_RESULTS=@@CHARACTER_SET_RESULTS */;
/*!40101 SET @OLD_COLLATION_CONNECTION=@@COLLATION_CONNECTION */;
/*!40101 SET NAMES utf8 */;

--
-- Base de datos: `asd3`
--

-- --------------------------------------------------------

--
-- Estructura de tabla para la tabla `administrador`
--

CREATE TABLE IF NOT EXISTS `administrador` (
  `id` int(30) NOT NULL
) ENGINE=InnoDB DEFAULT CHARSET=utf8 COLLATE=utf8_spanish_ci;

--
-- RELACIONES PARA LA TABLA `administrador`:
--   `id`
--       `usuario` -> `id`
--

--
-- Volcado de datos para la tabla `administrador`
--

INSERT INTO `administrador` (`id`) VALUES
(10);

-- --------------------------------------------------------

--
-- Estructura de tabla para la tabla `camaras`
--

CREATE TABLE IF NOT EXISTS `camaras` (
`id` int(30) NOT NULL,
  `descripcion` varchar(100) COLLATE utf8_spanish_ci NOT NULL,
  `permitir_monitoreo` tinyint(1) NOT NULL COMMENT '0 no permitido - 1 permitido',
  `url` varchar(100) COLLATE utf8_spanish_ci NOT NULL COMMENT 'link de cam publica',
  `sistema_id` int(30) NOT NULL
) ENGINE=InnoDB AUTO_INCREMENT=23 DEFAULT CHARSET=utf8 COLLATE=utf8_spanish_ci;

--
-- RELACIONES PARA LA TABLA `camaras`:
--   `sistema_id`
--       `sistema` -> `id`
--

--
-- Volcado de datos para la tabla `camaras`
--

INSERT INTO `camaras` (`id`, `descripcion`, `permitir_monitoreo`, `url`, `sistema_id`) VALUES
(1, ' ', 1, 'http://205.157.152.230/mjpg/video.mjpg', 2),
(2, ' ', 1, 'http://205.157.152.230/mjpg/video.mjpg', 2),
(3, ' ', 1, 'http://205.157.152.230/mjpg/video.mjpg', 3),
(4, ' ', 1, 'http://205.157.152.230/mjpg/video.mjpg', 3),
(5, ' ', 1, 'http://205.157.152.230/mjpg/video.mjpg', 4),
(6, ' ', 1, 'http://205.157.152.230/mjpg/video.mjpg', 4),
(7, ' ', 1, 'http://205.157.152.230/mjpg/video.mjpg', 4),
(8, ' ', 1, 'http://205.157.152.230/mjpg/video.mjpg', 4),
(9, ' ', 1, 'http://205.157.152.230/mjpg/video.mjpg', 4),
(10, ' ', 1, 'http://205.157.152.230/mjpg/video.mjpg', 4),
(11, ' ', 1, 'http://205.157.152.230/mjpg/video.mjpg', 5),
(12, ' ', 1, 'http://205.157.152.230/mjpg/video.mjpg', 5),
(13, ' ', 1, 'http://205.157.152.230/mjpg/video.mjpg', 5),
(14, ' ', 1, 'http://205.157.152.230/mjpg/video.mjpg', 5),
(15, ' ', 1, 'http://205.157.152.230/mjpg/video.mjpg', 5),
(16, ' ', 1, 'http://205.157.152.230/mjpg/video.mjpg', 5),
(17, ' ', 1, 'http://205.157.152.230/mjpg/video.mjpg', 6),
(18, ' ', 1, 'http://205.157.152.230/mjpg/video.mjpg', 6),
(19, ' ', 1, 'http://205.157.152.230/mjpg/video.mjpg', 7),
(20, ' ', 1, 'http://205.157.152.230/mjpg/video.mjpg', 7),
(21, ' ', 1, 'http://205.157.152.230/mjpg/video.mjpg', 8),
(22, ' ', 1, 'http://205.157.152.230/mjpg/video.mjpg', 8);

-- --------------------------------------------------------

--
-- Estructura de tabla para la tabla `cliente`
--

CREATE TABLE IF NOT EXISTS `cliente` (
  `id` int(30) NOT NULL,
  `telefono` int(30) NOT NULL,
  `plan` int(11) NOT NULL
) ENGINE=InnoDB DEFAULT CHARSET=utf8 COLLATE=utf8_spanish_ci;

--
-- RELACIONES PARA LA TABLA `cliente`:
--   `id`
--       `usuario` -> `id`
--

--
-- Volcado de datos para la tabla `cliente`
--

INSERT INTO `cliente` (`id`, `telefono`, `plan`) VALUES
(3, 46965698, 1),
(4, 45856985, 2),
(5, 46698787, 2),
(6, 47458899, 3),
(7, 45887722, 3),
(8, 44856969, 2),
(9, 45563434, 2),
(11, 543534, 2);

-- --------------------------------------------------------

--
-- Estructura de tabla para la tabla `detalle`
--

CREATE TABLE IF NOT EXISTS `detalle` (
`id` int(30) NOT NULL,
  `producto_id` int(30) NOT NULL,
  `factura_id` int(30) NOT NULL
) ENGINE=InnoDB AUTO_INCREMENT=17 DEFAULT CHARSET=utf8 COLLATE=utf8_spanish_ci;

--
-- RELACIONES PARA LA TABLA `detalle`:
--   `factura_id`
--       `factura` -> `id`
--   `producto_id`
--       `producto` -> `id`
--

--
-- Volcado de datos para la tabla `detalle`
--

INSERT INTO `detalle` (`id`, `producto_id`, `factura_id`) VALUES
(1, 1, 1),
(2, 4, 1),
(3, 2, 2),
(4, 5, 2),
(5, 2, 3),
(6, 5, 3),
(7, 3, 4),
(8, 6, 4),
(9, 3, 5),
(10, 6, 5),
(11, 2, 6),
(12, 5, 6),
(13, 2, 7),
(14, 5, 7),
(15, 2, 8),
(16, 5, 8);

-- --------------------------------------------------------

--
-- Estructura de tabla para la tabla `disparo`
--

CREATE TABLE IF NOT EXISTS `disparo` (
`id` int(30) NOT NULL,
  `fecha_inicio` datetime NOT NULL,
  `fecha_finalizacion` datetime NOT NULL,
  `factor` tinyint(1) NOT NULL,
  `sistema_id` int(30) NOT NULL,
  `evento_id` int(30) NOT NULL
) ENGINE=InnoDB AUTO_INCREMENT=698 DEFAULT CHARSET=utf8 COLLATE=utf8_spanish_ci;

--
-- RELACIONES PARA LA TABLA `disparo`:
--   `sistema_id`
--       `sistema` -> `id`
--   `evento_id`
--       `evento` -> `id`
--

--
-- Volcado de datos para la tabla `disparo`
--

INSERT INTO `disparo` (`id`, `fecha_inicio`, `fecha_finalizacion`, `factor`, `sistema_id`, `evento_id`) VALUES
(2, '2015-07-13 23:54:05', '2015-07-13 23:54:28', 1, 1, 1),
(3, '2015-07-14 00:13:09', '2015-07-14 00:13:11', 1, 1, 1),
(4, '2015-07-14 00:13:12', '2015-07-14 00:13:14', 1, 1, 1),
(5, '2015-07-14 01:46:44', '2015-07-14 01:47:11', 1, 8, 2),
(6, '2015-07-14 01:50:01', '2015-07-15 22:27:33', 1, 8, 2),
(7, '2015-07-15 20:19:56', '0000-00-00 00:00:00', 1, 3, 3),
(8, '2015-07-15 20:19:57', '0000-00-00 00:00:00', 1, 4, 3),
(9, '2015-07-15 20:19:58', '0000-00-00 00:00:00', 1, 6, 3),
(10, '2015-07-15 20:19:58', '0000-00-00 00:00:00', 1, 7, 3),
(11, '2015-07-15 20:20:57', '2015-07-15 22:23:54', 1, 3, 3),
(12, '2015-07-15 20:20:58', '2015-07-15 22:27:09', 1, 5, 3),
(13, '2015-07-15 20:20:59', '2015-07-15 22:24:00', 1, 7, 3),
(14, '2015-07-15 21:15:45', '2015-07-15 22:27:09', 1, 4, 3),
(15, '2015-07-15 21:15:46', '2015-07-15 22:23:58', 1, 6, 3),
(16, '2015-07-15 22:27:10', '2015-07-15 22:27:32', 1, 7, 3),
(17, '2015-07-15 22:27:28', '2015-07-15 23:47:24', 1, 2, 3),
(18, '2015-07-15 22:27:31', '2015-07-15 23:47:25', 1, 4, 3),
(19, '2015-07-15 22:27:32', '2015-07-15 23:47:25', 1, 6, 3),
(20, '2015-07-15 23:47:25', '2015-07-15 23:47:45', 1, 7, 3),
(21, '2015-07-15 23:47:25', '2015-07-15 23:48:45', 1, 8, 3),
(22, '2015-07-15 23:47:44', '2015-07-15 23:49:04', 1, 2, 3),
(23, '2015-07-15 23:47:45', '2015-07-15 23:48:05', 1, 4, 3),
(24, '2015-07-15 23:47:45', '2015-07-15 23:48:05', 1, 5, 3),
(25, '2015-07-15 23:48:04', '2015-07-15 23:48:44', 1, 3, 3),
(26, '2015-07-15 23:48:45', '2015-07-15 23:49:05', 1, 5, 3),
(27, '2015-07-15 23:48:45', '2015-07-15 23:49:05', 1, 7, 3),
(28, '2015-07-15 23:49:05', '2015-07-15 23:49:25', 1, 4, 3),
(29, '2015-07-15 23:49:05', '2015-07-15 23:49:45', 1, 6, 3),
(30, '2015-07-15 23:49:05', '2015-07-15 23:49:45', 1, 8, 3),
(31, '2015-07-15 23:49:45', '2015-07-15 23:50:45', 1, 4, 3),
(32, '2015-07-15 23:50:04', '2015-07-15 23:50:24', 1, 2, 3),
(33, '2015-07-15 23:50:04', '2015-07-15 23:50:24', 1, 3, 3),
(34, '2015-07-15 23:50:05', '2015-07-15 23:50:45', 1, 5, 3),
(35, '2015-07-15 23:50:05', '2015-07-15 23:50:45', 1, 6, 3),
(36, '2015-07-15 23:50:45', '2015-07-15 23:51:25', 1, 3, 3),
(37, '2015-07-15 23:51:05', '2015-07-15 23:51:48', 1, 6, 3),
(38, '2015-07-15 23:51:05', '2015-07-15 23:51:26', 1, 7, 3),
(39, '2015-07-15 23:51:24', '2015-07-16 01:40:28', 1, 2, 3),
(40, '2015-07-15 23:51:25', '2015-07-15 23:51:48', 1, 4, 3),
(41, '2015-07-15 23:51:25', '2015-07-16 01:40:29', 1, 5, 3),
(42, '2015-07-15 23:51:48', '2015-07-16 01:40:30', 1, 7, 3),
(43, '2015-07-15 23:51:48', '2015-07-16 01:40:31', 1, 8, 3),
(44, '2015-07-15 23:52:04', '2015-07-16 01:41:10', 1, 4, 3),
(52, '2015-07-16 01:18:27', '2015-07-16 02:32:00', 1, 1, 4),
(53, '2015-07-16 01:40:30', '2015-07-16 01:40:50', 1, 6, 3),
(54, '2015-07-16 01:40:48', '2015-07-16 01:41:09', 1, 2, 3),
(55, '2015-07-16 01:40:48', '2015-07-16 01:41:09', 1, 3, 3),
(56, '2015-07-16 01:40:51', '2015-07-16 01:41:31', 1, 7, 3),
(57, '2015-07-16 01:41:11', '2015-07-16 01:41:31', 1, 6, 3),
(58, '2015-07-16 01:41:30', '2015-07-16 01:41:49', 1, 3, 3),
(59, '2015-07-16 01:41:30', '2015-07-16 01:41:50', 1, 5, 3),
(60, '2015-07-16 01:41:32', '2015-07-16 01:41:51', 1, 8, 3),
(61, '2015-07-16 01:42:12', '2015-07-16 01:43:03', 1, 7, 3),
(62, '2015-07-16 01:42:12', '2015-07-16 01:42:32', 1, 8, 3),
(63, '2015-07-16 01:42:22', '2015-07-16 01:42:30', 1, 4, 3),
(64, '2015-07-16 01:42:29', '2015-07-16 01:42:49', 1, 2, 3),
(65, '2015-07-16 01:42:29', '2015-07-16 01:42:41', 1, 3, 3),
(66, '2015-07-16 01:42:42', '2015-07-16 01:43:02', 1, 4, 3),
(67, '2015-07-16 01:42:50', '2015-07-16 01:43:03', 1, 6, 3),
(68, '2015-07-16 01:42:51', '2015-07-16 01:43:04', 1, 8, 3),
(69, '2015-07-16 01:43:01', '2015-07-16 01:43:08', 1, 2, 3),
(70, '2015-07-16 01:43:02', '2015-07-16 01:43:50', 1, 5, 3),
(71, '2015-07-16 01:43:09', '2015-07-16 01:43:22', 1, 4, 3),
(72, '2015-07-16 01:43:11', '2015-07-16 01:43:31', 1, 7, 3),
(73, '2015-07-16 01:43:21', '2015-07-16 01:43:29', 1, 3, 3),
(74, '2015-07-16 01:43:23', '2015-07-16 01:43:51', 1, 6, 3),
(75, '2015-07-16 01:43:31', '2015-07-16 01:43:44', 1, 8, 3),
(76, '2015-07-16 01:43:41', '2015-07-16 01:43:49', 1, 2, 3),
(77, '2015-07-16 01:43:41', '2015-07-16 01:43:49', 1, 3, 3),
(78, '2015-07-16 01:43:43', '2015-07-16 01:44:03', 1, 7, 3),
(79, '2015-07-16 01:43:50', '2015-07-16 01:44:10', 1, 4, 3),
(80, '2015-07-16 01:44:01', '2015-07-16 01:44:37', 1, 2, 3),
(81, '2015-07-16 01:44:02', '2015-07-16 01:44:30', 1, 5, 3),
(82, '2015-07-16 01:44:03', '2015-07-16 01:44:11', 1, 6, 3),
(83, '2015-07-16 01:44:04', '2015-07-16 01:44:12', 1, 8, 3),
(84, '2015-07-16 01:44:21', '2015-07-16 01:44:29', 1, 3, 3),
(85, '2015-07-16 01:44:23', '2015-07-16 01:44:31', 1, 6, 3),
(86, '2015-07-16 01:44:23', '2015-07-16 01:44:31', 1, 7, 3),
(87, '2015-07-16 01:44:24', '2015-07-16 01:44:49', 1, 8, 3),
(88, '2015-07-16 01:44:37', '2015-07-16 01:45:07', 1, 3, 3),
(89, '2015-07-16 01:44:38', '2015-07-16 01:44:47', 1, 5, 3),
(90, '2015-07-16 01:44:43', '2015-07-16 01:44:51', 1, 4, 5),
(91, '2015-07-16 01:44:46', '2015-07-16 01:44:50', 1, 2, 3),
(92, '2015-07-16 01:44:52', '2015-07-16 01:45:49', 1, 7, 3),
(93, '2015-07-16 01:44:53', '2015-07-16 01:45:13', 1, 8, 3),
(94, '2015-07-16 01:45:06', '2015-07-16 01:45:10', 1, 2, 3),
(95, '2015-07-16 01:45:10', '2015-07-16 01:45:27', 1, 3, 3),
(96, '2015-07-16 01:45:11', '2015-07-16 01:45:28', 1, 4, 3),
(97, '2015-07-16 01:45:27', '2015-07-16 01:45:31', 1, 2, 3),
(98, '2015-07-16 01:45:28', '2015-07-16 01:45:32', 1, 5, 3),
(99, '2015-07-16 01:45:30', '2015-07-16 01:46:15', 1, 8, 3),
(100, '2015-07-16 01:45:32', '2015-07-16 01:45:51', 1, 4, 3),
(101, '2015-07-16 01:45:47', '2015-07-16 01:46:07', 1, 2, 3),
(102, '2015-07-16 01:45:47', '2015-07-16 01:46:12', 1, 3, 3),
(103, '2015-07-16 01:45:49', '2015-07-16 01:46:09', 1, 6, 3),
(104, '2015-07-16 01:46:08', '2015-07-16 01:46:13', 1, 4, 3),
(105, '2015-07-16 01:46:10', '2015-07-16 01:46:14', 1, 7, 3),
(106, '2015-07-16 01:46:11', '2015-07-16 01:46:27', 1, 2, 3),
(107, '2015-07-16 01:46:28', '2015-07-16 01:46:32', 1, 3, 3),
(108, '2015-07-16 01:46:28', '2015-07-16 01:46:48', 1, 4, 3),
(109, '2015-07-16 01:46:30', '2015-07-16 01:46:34', 1, 7, 3),
(110, '2015-07-16 01:46:31', '2015-07-16 01:46:47', 1, 2, 3),
(111, '2015-07-16 01:46:33', '2015-07-16 01:46:49', 1, 5, 3),
(112, '2015-07-16 01:46:34', '2015-07-16 01:46:53', 1, 6, 3),
(113, '2015-07-16 01:46:35', '2015-07-16 01:46:54', 1, 8, 3),
(114, '2015-07-16 01:46:48', '2015-07-16 01:46:51', 1, 3, 3),
(115, '2015-07-16 01:46:52', '2015-07-16 01:47:13', 1, 5, 3),
(116, '2015-07-16 01:46:54', '2015-07-16 01:47:10', 1, 7, 3),
(117, '2015-07-16 01:47:09', '2015-07-16 01:47:32', 1, 4, 3),
(118, '2015-07-16 01:47:11', '2015-07-16 01:47:15', 1, 8, 3),
(119, '2015-07-16 01:47:12', '2015-07-16 01:47:27', 1, 2, 3),
(120, '2015-07-16 01:47:14', '2015-07-16 01:47:30', 1, 7, 3),
(121, '2015-07-16 01:47:29', '2015-07-16 01:47:50', 1, 5, 3),
(122, '2015-07-16 01:47:50', '2015-07-16 01:47:54', 1, 4, 3),
(123, '2015-07-16 01:47:51', '2015-07-16 01:48:11', 1, 7, 3),
(124, '2015-07-16 01:47:54', '2015-07-16 01:48:15', 1, 5, 3),
(125, '2015-07-16 01:47:56', '2015-07-16 01:48:12', 1, 8, 3),
(126, '2015-07-16 01:48:09', '2015-07-16 01:48:14', 1, 3, 3),
(127, '2015-07-16 01:48:14', '2015-07-16 01:48:30', 1, 4, 3),
(128, '2015-07-16 01:48:31', '2015-07-16 01:48:56', 1, 7, 3),
(129, '2015-07-16 01:48:34', '2015-07-16 01:48:53', 1, 2, 3),
(130, '2015-07-16 01:48:34', '2015-07-16 01:48:54', 1, 3, 3),
(131, '2015-07-16 01:48:55', '2015-07-16 01:49:11', 1, 4, 3),
(132, '2015-07-16 01:48:55', '2015-07-16 01:49:17', 1, 6, 3),
(133, '2015-07-16 01:48:57', '2015-07-16 01:49:13', 1, 8, 3),
(134, '2015-07-16 01:49:12', '2015-07-16 01:49:16', 1, 5, 3),
(135, '2015-07-16 01:49:14', '2015-07-16 01:49:30', 1, 2, 3),
(136, '2015-07-16 01:49:17', '2015-07-16 01:49:38', 1, 7, 3),
(137, '2015-07-16 01:49:36', '2015-07-16 01:49:58', 1, 3, 3),
(138, '2015-07-16 01:49:38', '2015-07-16 01:49:52', 1, 8, 3),
(139, '2015-07-16 01:49:49', '2015-07-16 01:49:57', 1, 2, 3),
(140, '2015-07-16 01:49:51', '2015-07-16 01:49:59', 1, 6, 3),
(141, '2015-07-16 01:49:52', '2015-07-16 01:50:00', 1, 7, 3),
(142, '2015-07-16 01:49:58', '2015-07-16 01:50:10', 1, 4, 3),
(143, '2015-07-16 01:49:59', '2015-07-16 01:50:31', 1, 5, 3),
(144, '2015-07-16 01:50:19', '2015-07-16 01:50:32', 1, 6, 3),
(145, '2015-07-16 01:50:20', '2015-07-16 01:51:40', 1, 7, 3),
(146, '2015-07-16 01:50:33', '2015-07-16 01:50:40', 1, 8, 3),
(147, '2015-07-16 01:50:38', '2015-07-16 01:50:58', 1, 3, 3),
(148, '2015-07-16 01:50:39', '2015-07-16 01:50:51', 1, 5, 3),
(149, '2015-07-16 01:50:39', '2015-07-16 01:50:52', 1, 6, 3),
(150, '2015-07-16 01:50:58', '2015-07-16 01:51:09', 1, 2, 3),
(151, '2015-07-16 01:50:59', '2015-07-16 01:51:39', 1, 5, 3),
(152, '2015-07-16 01:51:00', '2015-07-16 01:51:11', 1, 6, 3),
(153, '2015-07-16 01:51:01', '2015-07-16 01:51:20', 1, 8, 3),
(154, '2015-07-16 01:51:18', '2015-07-16 01:51:59', 1, 3, 3),
(155, '2015-07-16 01:51:31', '2015-07-16 01:52:01', 1, 6, 3),
(156, '2015-07-16 01:51:38', '2015-07-16 01:52:30', 1, 2, 3),
(157, '2015-07-16 01:51:41', '2015-07-16 01:51:53', 1, 8, 3),
(158, '2015-07-16 01:52:00', '2015-07-16 01:52:11', 1, 5, 3),
(159, '2015-07-16 01:52:01', '2015-07-16 01:52:21', 1, 7, 3),
(160, '2015-07-16 01:52:10', '2015-07-16 01:52:31', 1, 4, 3),
(161, '2015-07-16 01:52:19', '2015-07-16 01:52:39', 1, 3, 3),
(162, '2015-07-16 01:52:20', '2015-07-16 01:52:51', 1, 5, 3),
(163, '2015-07-16 01:52:32', '2015-07-16 01:52:52', 1, 7, 3),
(164, '2015-07-16 01:52:39', '2015-07-16 01:52:50', 1, 2, 3),
(165, '2015-07-16 01:52:40', '2015-07-16 01:52:51', 1, 4, 3),
(166, '2015-07-16 01:52:52', '2015-07-16 01:53:00', 1, 6, 3),
(167, '2015-07-16 01:52:59', '2015-07-16 01:53:10', 1, 2, 3),
(168, '2015-07-16 01:53:02', '2015-07-16 01:53:13', 1, 8, 3),
(169, '2015-07-16 01:53:10', '2015-07-16 01:53:20', 1, 3, 3),
(170, '2015-07-16 01:53:11', '2015-07-16 01:53:21', 1, 4, 3),
(171, '2015-07-16 01:53:22', '2015-07-16 01:53:55', 1, 6, 3),
(172, '2015-07-16 01:53:30', '2015-07-16 01:53:42', 1, 4, 3),
(173, '2015-07-16 01:53:41', '2015-07-16 01:53:53', 1, 3, 3),
(174, '2015-07-16 01:53:42', '2015-07-16 01:53:54', 1, 5, 3),
(175, '2015-07-16 01:53:43', '2015-07-16 01:54:03', 1, 7, 3),
(176, '2015-07-16 01:53:53', '2015-07-16 01:54:10', 1, 2, 3),
(177, '2015-07-16 01:53:54', '2015-07-16 01:54:02', 1, 4, 3),
(178, '2015-07-16 01:54:01', '2015-07-16 01:54:21', 1, 3, 3),
(179, '2015-07-16 01:54:02', '2015-07-16 01:54:11', 1, 5, 3),
(180, '2015-07-16 01:54:03', '2015-07-16 01:54:12', 1, 6, 3),
(181, '2015-07-16 01:54:12', '2015-07-16 01:54:24', 1, 8, 3),
(182, '2015-07-16 01:54:21', '2015-07-16 01:54:30', 1, 2, 3),
(183, '2015-07-16 01:54:22', '2015-07-16 01:54:30', 1, 4, 3),
(184, '2015-07-16 01:54:22', '2015-07-16 01:54:31', 1, 5, 3),
(185, '2015-07-16 01:54:23', '2015-07-16 01:54:32', 1, 7, 3),
(186, '2015-07-16 01:54:31', '2015-07-16 01:54:52', 1, 6, 3),
(187, '2015-07-16 01:54:42', '2015-07-16 01:55:01', 1, 3, 3),
(188, '2015-07-16 01:54:44', '2015-07-16 01:54:54', 1, 8, 3),
(189, '2015-07-16 01:54:51', '2015-07-16 01:55:11', 1, 2, 3),
(190, '2015-07-16 01:54:52', '2015-07-16 01:55:13', 1, 5, 3),
(191, '2015-07-16 01:54:53', '2015-07-16 01:55:03', 1, 7, 3),
(192, '2015-07-16 01:55:02', '2015-07-16 01:55:12', 1, 4, 3),
(193, '2015-07-16 01:55:04', '2015-07-16 01:55:14', 1, 8, 3),
(194, '2015-07-16 01:55:22', '2015-07-16 01:55:43', 1, 4, 3),
(195, '2015-07-16 01:55:23', '2015-07-16 01:55:33', 1, 6, 3),
(196, '2015-07-16 01:55:24', '2015-07-16 01:55:34', 1, 8, 3),
(197, '2015-07-16 01:55:41', '2015-07-16 01:56:13', 1, 2, 3),
(198, '2015-07-16 01:55:42', '2015-07-16 01:56:33', 1, 3, 3),
(199, '2015-07-16 01:55:43', '2015-07-16 01:56:06', 1, 5, 3),
(200, '2015-07-16 01:55:53', '2015-07-16 01:56:06', 1, 4, 3),
(201, '2015-07-16 01:55:54', '2015-07-16 01:56:14', 1, 6, 3),
(202, '2015-07-16 01:55:55', '2015-07-16 01:56:11', 1, 8, 3),
(203, '2015-07-16 01:56:07', '2015-07-16 01:56:15', 1, 7, 3),
(204, '2015-07-16 01:56:14', '2015-07-16 01:56:25', 1, 5, 3),
(205, '2015-07-16 01:56:34', '2015-07-16 01:56:45', 1, 4, 3),
(206, '2015-07-16 01:56:34', '2015-07-16 01:56:56', 1, 6, 3),
(207, '2015-07-16 01:56:35', '2015-07-16 01:56:56', 1, 7, 3),
(208, '2015-07-16 01:56:47', '2015-07-16 01:57:06', 1, 8, 3),
(209, '2015-07-16 01:56:54', '2015-07-16 01:57:04', 1, 3, 3),
(210, '2015-07-16 01:56:55', '2015-07-16 01:57:26', 1, 4, 3),
(211, '2015-07-16 01:56:55', '2015-07-16 01:57:05', 1, 5, 3),
(212, '2015-07-16 01:57:06', '2015-07-16 01:57:15', 1, 6, 3),
(213, '2015-07-16 01:57:14', '2015-07-16 01:57:34', 1, 3, 3),
(214, '2015-07-16 01:57:16', '2015-07-16 01:57:48', 1, 7, 3),
(215, '2015-07-16 01:57:28', '2015-07-16 01:57:37', 1, 8, 3),
(216, '2015-07-16 01:57:35', '2015-07-16 01:57:47', 1, 5, 3),
(217, '2015-07-16 01:57:36', '2015-07-16 01:57:48', 1, 6, 3),
(218, '2015-07-16 01:57:46', '2015-07-16 01:57:55', 1, 4, 3),
(219, '2015-07-16 01:57:49', '2015-07-16 01:58:18', 1, 8, 3),
(220, '2015-07-16 01:57:54', '2015-07-16 01:58:27', 1, 2, 3),
(221, '2015-07-16 01:57:56', '2015-07-16 01:58:07', 1, 6, 3),
(222, '2015-07-16 01:58:15', '2015-07-16 01:58:27', 1, 3, 3),
(223, '2015-07-16 01:58:16', '2015-07-16 01:59:38', 1, 6, 3),
(224, '2015-07-16 01:58:17', '2015-07-16 01:58:29', 1, 7, 3),
(225, '2015-07-16 01:58:28', '2015-07-16 01:58:48', 1, 4, 3),
(226, '2015-07-16 01:58:30', '2015-07-16 01:58:50', 1, 8, 3),
(227, '2015-07-16 01:58:35', '2015-07-16 01:59:16', 1, 3, 3),
(228, '2015-07-16 01:58:36', '2015-07-16 01:58:49', 1, 5, 3),
(229, '2015-07-16 01:58:48', '2015-07-16 01:58:56', 1, 2, 3),
(230, '2015-07-16 01:58:50', '2015-07-16 01:59:11', 1, 7, 3),
(231, '2015-07-16 01:58:57', '2015-07-16 01:59:37', 1, 4, 3),
(232, '2015-07-16 01:58:59', '2015-07-16 01:59:19', 1, 8, 3),
(233, '2015-07-16 01:59:16', '2015-07-16 01:59:29', 1, 2, 3),
(234, '2015-07-16 01:59:17', '2015-07-16 01:59:50', 1, 5, 3),
(235, '2015-07-16 01:59:29', '2015-07-16 01:59:36', 1, 3, 3),
(236, '2015-07-16 01:59:31', '2015-07-16 01:59:38', 1, 7, 3),
(237, '2015-07-16 01:59:36', '2015-07-16 01:59:56', 1, 2, 3),
(238, '2015-07-16 01:59:39', '2015-07-16 01:59:59', 1, 8, 3),
(239, '2015-07-16 01:59:49', '2015-07-16 02:00:31', 1, 4, 3),
(240, '2015-07-16 01:59:58', '2015-07-16 02:00:11', 1, 7, 3),
(241, '2015-07-16 02:00:08', '2015-07-16 02:00:37', 1, 2, 3),
(242, '2015-07-16 02:00:11', '2015-07-16 02:00:18', 1, 8, 3),
(243, '2015-07-16 02:00:30', '2015-07-16 02:00:37', 1, 3, 3),
(244, '2015-07-16 02:00:31', '2015-07-16 02:00:38', 1, 5, 3),
(245, '2015-07-16 02:00:32', '2015-07-16 02:00:39', 1, 6, 3),
(246, '2015-07-16 02:00:33', '2015-07-16 02:00:40', 1, 8, 3),
(247, '2015-07-16 02:00:38', '2015-07-16 02:00:51', 1, 4, 3),
(248, '2015-07-16 02:00:39', '2015-07-16 02:00:53', 1, 7, 3),
(249, '2015-07-16 02:00:52', '2015-07-16 02:00:58', 1, 6, 3),
(250, '2015-07-16 02:00:57', '2015-07-16 02:01:11', 1, 2, 3),
(251, '2015-07-16 02:00:57', '2015-07-16 02:01:18', 1, 3, 3),
(252, '2015-07-16 02:00:59', '2015-07-16 02:01:13', 1, 7, 3),
(253, '2015-07-16 02:01:12', '2015-07-16 02:01:31', 1, 4, 3),
(254, '2015-07-16 02:01:12', '2015-07-16 02:01:32', 1, 5, 3),
(255, '2015-07-16 02:01:13', '2015-07-16 02:01:33', 1, 6, 3),
(256, '2015-07-16 02:01:14', '2015-07-16 02:01:34', 1, 8, 3),
(257, '2015-07-16 02:01:39', '2015-07-16 02:02:00', 1, 5, 3),
(258, '2015-07-16 02:01:39', '2015-07-16 02:01:52', 1, 6, 3),
(259, '2015-07-16 02:01:51', '2015-07-16 02:01:59', 1, 4, 3),
(260, '2015-07-16 02:01:53', '2015-07-16 02:02:00', 1, 7, 3),
(261, '2015-07-16 02:01:53', '2015-07-16 02:02:01', 1, 8, 3),
(262, '2015-07-16 02:01:58', '2015-07-16 02:02:19', 1, 2, 3),
(263, '2015-07-16 02:02:11', '2015-07-16 02:02:41', 1, 4, 3),
(264, '2015-07-16 02:02:20', '2015-07-16 02:02:41', 1, 5, 3),
(265, '2015-07-16 02:02:20', '2015-07-16 02:02:53', 1, 6, 3),
(266, '2015-07-16 02:02:21', '2015-07-16 02:02:53', 1, 7, 3),
(267, '2015-07-16 02:02:31', '2015-07-16 02:02:51', 1, 3, 3),
(268, '2015-07-16 02:02:54', '2015-07-16 02:03:34', 1, 8, 3),
(269, '2015-07-16 02:03:05', '2015-07-16 02:03:14', 1, 2, 3),
(270, '2015-07-16 02:03:05', '2015-07-16 02:03:15', 1, 3, 3),
(271, '2015-07-16 02:03:06', '2015-07-16 02:03:16', 1, 4, 3),
(272, '2015-07-16 02:03:06', '2015-07-16 02:03:16', 1, 5, 3),
(273, '2015-07-16 02:03:07', '2015-07-16 02:03:57', 1, 7, 3),
(274, '2015-07-16 02:03:17', '2015-07-16 02:03:45', 1, 6, 3),
(275, '2015-07-16 02:03:20', '2015-07-16 02:03:53', 1, 2, 3),
(276, '2015-07-16 02:03:32', '2015-07-16 02:03:54', 1, 3, 3),
(277, '2015-07-16 02:03:44', '2015-07-16 02:03:54', 1, 4, 3),
(278, '2015-07-16 02:03:46', '2015-07-16 02:03:57', 1, 8, 3),
(279, '2015-07-16 02:03:55', '2015-07-16 02:04:06', 1, 6, 3),
(280, '2015-07-16 02:04:01', '2015-07-16 02:04:21', 1, 2, 3),
(281, '2015-07-16 02:04:07', '2015-07-16 02:04:16', 1, 8, 3),
(282, '2015-07-16 02:04:13', '2015-07-16 02:04:34', 1, 4, 3),
(283, '2015-07-16 02:04:14', '2015-07-16 02:04:35', 1, 5, 3),
(284, '2015-07-16 02:04:15', '2015-07-16 02:04:23', 1, 7, 3),
(285, '2015-07-16 02:04:23', '2015-07-16 02:04:35', 1, 6, 3),
(286, '2015-07-16 02:04:36', '2015-07-16 02:04:45', 1, 8, 3),
(287, '2015-07-16 02:04:43', '2015-07-16 02:06:01', 1, 4, 3),
(288, '2015-07-16 02:04:44', '2015-07-16 02:06:02', 1, 6, 3),
(289, '2015-07-16 02:05:39', '2015-07-16 02:06:00', 1, 2, 3),
(290, '2015-07-16 02:06:01', '2015-07-16 02:06:45', 1, 3, 3),
(291, '2015-07-16 02:06:02', '2015-07-16 02:06:45', 1, 2, 3),
(292, '2015-07-16 02:06:02', '2015-07-16 02:07:18', 1, 5, 3),
(293, '2015-07-16 02:06:45', '2015-07-16 02:06:45', 1, 2, 3),
(294, '2015-07-16 02:07:15', '2015-07-16 02:07:23', 1, 7, 3),
(295, '2015-07-16 02:07:17', '2015-07-16 02:07:25', 1, 2, 3),
(296, '2015-07-16 02:07:17', '2015-07-16 02:07:22', 1, 4, 3),
(297, '2015-07-16 02:07:19', '2015-07-16 02:07:21', 1, 8, 3),
(298, '2015-07-16 02:07:24', '2015-07-16 02:07:28', 1, 8, 3),
(299, '2015-07-16 02:07:27', '2015-07-16 02:07:31', 1, 6, 3),
(300, '2015-07-16 02:07:29', '2015-07-16 02:07:39', 1, 2, 3),
(301, '2015-07-16 02:07:31', '2015-07-16 02:07:41', 1, 7, 3),
(302, '2015-07-16 02:07:40', '2015-07-16 02:07:45', 1, 4, 3),
(303, '2015-07-16 02:07:41', '2015-07-16 02:08:46', 1, 6, 3),
(304, '2015-07-16 02:07:45', '2015-07-16 02:08:05', 1, 3, 3),
(305, '2015-07-16 02:07:46', '2015-07-16 02:08:06', 1, 5, 3),
(306, '2015-07-16 02:07:47', '2015-07-16 02:08:02', 1, 7, 3),
(307, '2015-07-16 02:08:00', '2015-07-16 02:08:06', 1, 4, 3),
(308, '2015-07-16 02:08:08', '2015-07-16 02:08:47', 1, 8, 3),
(309, '2015-07-16 02:08:23', '2015-07-16 02:08:48', 1, 2, 3),
(310, '2015-07-16 02:08:46', '2015-07-16 02:08:47', 1, 7, 3),
(311, '2015-07-16 02:08:47', '2015-07-16 02:09:08', 1, 8, 3),
(312, '2015-07-16 02:08:49', '2015-07-16 02:08:53', 1, 4, 3),
(313, '2015-07-16 02:08:50', '2015-07-16 02:08:53', 1, 5, 3),
(314, '2015-07-16 02:08:50', '2015-07-16 02:08:54', 1, 6, 3),
(315, '2015-07-16 02:08:51', '2015-07-16 02:08:55', 1, 7, 3),
(316, '2015-07-16 02:08:52', '2015-07-16 02:09:05', 1, 2, 3),
(317, '2015-07-16 02:09:00', '2015-07-16 02:09:25', 1, 4, 3),
(318, '2015-07-16 02:09:02', '2015-07-16 02:09:07', 1, 7, 3),
(319, '2015-07-16 02:09:06', '2015-07-16 02:09:33', 1, 6, 3),
(320, '2015-07-16 02:09:09', '2015-07-16 02:09:26', 1, 3, 3),
(321, '2015-07-16 02:09:11', '2015-07-16 02:09:28', 1, 7, 3),
(322, '2015-07-16 02:09:12', '2015-07-16 02:09:34', 1, 8, 3),
(323, '2015-07-16 02:09:31', '2015-07-16 02:10:08', 1, 2, 3),
(324, '2015-07-16 02:09:33', '2015-07-16 02:09:45', 1, 5, 3),
(325, '2015-07-16 02:09:34', '2015-07-16 02:10:06', 1, 7, 3),
(326, '2015-07-16 02:09:40', '0000-00-00 00:00:00', 1, 3, 5),
(327, '2015-07-16 02:09:53', '2015-07-16 02:10:09', 1, 6, 3),
(328, '2015-07-16 02:09:57', '2015-07-16 02:10:01', 1, 8, 3),
(329, '2015-07-16 02:10:07', '2015-07-16 02:10:10', 1, 8, 3),
(330, '2015-07-16 02:10:22', '2015-07-16 02:10:33', 1, 4, 5),
(331, '2015-07-16 02:10:24', '2015-07-16 02:10:26', 1, 2, 3),
(332, '2015-07-16 02:10:29', '2015-07-16 02:11:11', 1, 7, 3),
(333, '2015-07-16 02:10:29', '2015-07-16 02:10:50', 1, 8, 3),
(334, '2015-07-16 02:10:48', '2015-07-16 02:11:09', 1, 5, 3),
(335, '2015-07-16 02:10:49', '2015-07-16 02:11:10', 1, 6, 3),
(336, '2015-07-16 02:10:49', '2015-07-16 02:10:57', 1, 4, 5),
(337, '2015-07-16 02:11:09', '2015-07-16 02:11:20', 1, 4, 3),
(338, '2015-07-16 02:11:21', '2015-07-16 02:11:47', 1, 5, 3),
(339, '2015-07-16 02:11:22', '2015-07-16 02:11:31', 1, 7, 3),
(340, '2015-07-16 02:11:32', '2015-07-16 02:11:52', 1, 8, 3),
(341, '2015-07-16 02:11:45', '2015-07-16 02:11:49', 1, 2, 3),
(342, '2015-07-16 02:11:47', '2015-07-16 02:12:04', 1, 7, 3),
(343, '2015-07-16 02:12:02', '2015-07-16 02:12:10', 1, 4, 3),
(344, '2015-07-16 02:12:03', '2015-07-16 02:12:59', 1, 5, 3),
(345, '2015-07-16 02:12:04', '2015-07-16 02:12:11', 1, 6, 3),
(346, '2015-07-16 02:12:09', '2015-07-16 02:12:57', 1, 2, 3),
(347, '2015-07-16 02:12:11', '2015-07-16 02:13:10', 1, 7, 3),
(348, '2015-07-16 02:12:59', '2015-07-16 02:13:10', 1, 2, 3),
(349, '2015-07-16 02:12:59', '2015-07-16 02:13:12', 1, 6, 3),
(350, '2015-07-16 02:13:11', '2015-07-16 02:13:13', 1, 8, 3),
(351, '2015-07-16 02:13:11', '2015-07-16 02:13:15', 1, 4, 3),
(352, '2015-07-16 02:13:12', '2015-07-16 02:13:16', 1, 5, 3),
(353, '2015-07-16 02:13:13', '2015-07-16 02:13:33', 1, 7, 3),
(354, '2015-07-16 02:13:16', '2015-07-16 02:13:24', 1, 6, 3),
(355, '2015-07-16 02:13:18', '2015-07-16 02:13:30', 1, 2, 3),
(356, '2015-07-16 02:13:19', '2015-07-16 02:13:23', 1, 4, 3),
(357, '2015-07-16 02:13:20', '2015-07-16 02:13:23', 1, 5, 3),
(358, '2015-07-16 02:13:25', '2015-07-16 02:13:53', 1, 8, 3),
(359, '2015-07-16 02:13:31', '2015-07-16 02:13:42', 1, 4, 3),
(360, '2015-07-16 02:13:32', '2015-07-16 02:13:43', 1, 6, 3),
(361, '2015-07-16 02:13:42', '2015-07-16 02:14:13', 1, 5, 3),
(362, '2015-07-16 02:13:50', '2015-07-16 02:14:22', 1, 2, 3),
(363, '2015-07-16 02:14:02', '2015-07-16 02:14:14', 1, 6, 3),
(364, '2015-07-16 02:14:12', '2015-07-16 02:14:53', 1, 4, 3),
(365, '2015-07-16 02:14:41', '2015-07-16 02:14:52', 1, 2, 3),
(366, '2015-07-16 02:14:44', '2015-07-16 02:14:55', 1, 7, 3),
(367, '2015-07-16 02:14:54', '2015-07-16 02:15:33', 1, 5, 3),
(368, '2015-07-16 02:14:55', '2015-07-16 02:15:15', 1, 8, 3),
(369, '2015-07-16 02:15:12', '2015-07-16 02:15:32', 1, 2, 3),
(370, '2015-07-16 02:15:14', '2015-07-16 02:15:54', 1, 6, 3),
(371, '2015-07-16 02:15:55', '2015-07-16 02:16:15', 1, 7, 3),
(372, '2015-07-16 02:16:13', '2015-07-16 02:16:55', 1, 4, 3),
(373, '2015-07-16 02:16:14', '2015-07-16 02:16:35', 1, 5, 3),
(374, '2015-07-16 02:16:56', '2015-07-16 02:18:17', 1, 5, 3),
(375, '2015-07-16 02:16:57', '2015-07-16 02:17:17', 1, 6, 3),
(376, '2015-07-16 02:17:37', '2015-07-16 02:17:57', 1, 4, 3),
(377, '2015-07-16 02:17:38', '2015-07-16 02:18:18', 1, 7, 3),
(378, '2015-07-16 02:17:39', '2015-07-16 02:17:59', 1, 8, 3),
(379, '2015-07-16 02:17:58', '2015-07-16 02:18:18', 1, 6, 3),
(380, '2015-07-16 02:18:17', '2015-07-16 02:18:37', 1, 4, 3),
(381, '2015-07-16 02:18:19', '2015-07-16 02:19:18', 1, 8, 3),
(382, '2015-07-16 02:18:58', '2015-07-16 02:19:17', 1, 6, 3),
(383, '2015-07-16 02:18:58', '2015-07-16 02:19:38', 1, 7, 3),
(384, '2015-07-16 02:19:16', '2015-07-16 02:19:57', 1, 4, 3),
(385, '2015-07-16 02:19:17', '2015-07-16 02:20:58', 1, 5, 3),
(386, '2015-07-16 02:19:36', '2015-07-16 02:19:56', 1, 2, 3),
(387, '2015-07-16 02:19:58', '2015-07-16 02:20:38', 1, 6, 3),
(388, '2015-07-16 02:20:19', '2015-07-16 02:20:39', 1, 8, 3),
(389, '2015-07-16 02:20:37', '2015-07-16 02:20:57', 1, 2, 3),
(390, '2015-07-16 02:21:00', '2015-07-16 02:21:40', 1, 8, 3),
(391, '2015-07-16 02:21:18', '2015-07-16 02:22:18', 1, 5, 3),
(392, '2015-07-16 02:21:19', '2015-07-16 02:21:39', 1, 6, 3),
(393, '2015-07-16 02:21:19', '2015-07-16 02:21:39', 1, 7, 3),
(394, '2015-07-16 02:21:37', '2015-07-16 02:22:17', 1, 2, 3),
(395, '2015-07-16 02:21:59', '2015-07-16 02:23:40', 1, 7, 3),
(396, '2015-07-16 02:22:00', '2015-07-16 02:22:20', 1, 8, 3),
(397, '2015-07-16 02:22:19', '2015-07-16 02:22:59', 1, 6, 3),
(398, '2015-07-16 02:23:17', '2015-07-16 02:24:18', 1, 2, 3),
(399, '2015-07-16 02:23:18', '2015-07-16 02:23:39', 1, 4, 3),
(400, '2015-07-16 02:23:19', '2015-07-16 02:23:39', 1, 6, 3),
(401, '2015-07-16 02:23:58', '2015-07-16 02:24:19', 1, 4, 3),
(402, '2015-07-16 02:24:00', '2015-07-16 02:24:20', 1, 6, 3),
(403, '2015-07-16 02:24:21', '2015-07-16 02:24:41', 1, 7, 3),
(404, '2015-07-16 02:24:21', '2015-07-16 02:25:01', 1, 8, 3),
(405, '2015-07-16 02:24:40', '2015-07-16 02:25:00', 1, 6, 3),
(406, '2015-07-16 02:24:59', '2015-07-16 02:25:19', 1, 4, 3),
(407, '2015-07-16 02:25:00', '2015-07-16 02:26:00', 1, 7, 3),
(408, '2015-07-16 02:25:18', '2015-07-16 02:25:58', 1, 2, 3),
(409, '2015-07-16 02:25:19', '2015-07-16 02:25:39', 1, 5, 3),
(410, '2015-07-16 02:25:20', '2015-07-16 02:25:40', 1, 6, 3),
(411, '2015-07-16 02:25:41', '2015-07-16 02:26:21', 1, 8, 3),
(412, '2015-07-16 02:25:59', '2015-07-16 02:27:00', 1, 4, 3),
(413, '2015-07-16 02:26:18', '2015-07-16 02:26:39', 1, 2, 3),
(414, '2015-07-16 02:26:19', '2015-07-16 02:26:40', 1, 5, 3),
(415, '2015-07-16 02:26:41', '2015-07-16 02:27:01', 1, 6, 3),
(416, '2015-07-16 02:26:42', '2015-07-16 02:28:02', 1, 8, 3),
(417, '2015-07-16 02:27:20', '2015-07-16 02:28:00', 1, 4, 3),
(418, '2015-07-16 02:27:20', '2015-07-16 02:27:41', 1, 5, 3),
(419, '2015-07-16 02:27:39', '2015-07-16 02:28:39', 1, 2, 3),
(420, '2015-07-16 02:28:41', '2015-07-16 02:29:01', 1, 6, 3),
(421, '2015-07-16 02:29:00', '2015-07-16 02:29:20', 1, 5, 3),
(422, '2015-07-16 02:29:19', '2015-07-16 02:29:40', 1, 4, 3),
(423, '2015-07-16 02:29:20', '2015-07-16 02:29:41', 1, 6, 3),
(424, '2015-07-16 02:29:22', '2015-07-16 02:30:22', 1, 8, 3),
(425, '2015-07-16 02:29:39', '2015-07-16 02:30:19', 1, 2, 3),
(426, '2015-07-16 02:29:40', '2015-07-16 02:30:00', 1, 5, 3),
(427, '2015-07-16 02:29:41', '2015-07-16 02:30:01', 1, 7, 3),
(428, '2015-07-16 02:30:20', '2015-07-16 02:31:01', 1, 5, 3),
(429, '2015-07-16 02:30:21', '2015-07-16 02:31:01', 1, 6, 3),
(430, '2015-07-16 02:30:21', '2015-07-16 02:31:43', 1, 7, 3),
(431, '2015-07-16 02:30:38', '2015-07-16 02:30:59', 1, 2, 3),
(432, '2015-07-16 02:31:02', '2015-07-16 02:31:22', 1, 8, 3),
(433, '2015-07-16 02:31:19', '2015-07-16 02:31:40', 1, 2, 3),
(434, '2015-07-16 02:31:20', '2015-07-16 02:31:42', 1, 5, 3),
(435, '2015-07-16 02:31:41', '2015-07-16 02:32:21', 1, 4, 3),
(436, '2015-07-16 02:32:00', '2015-07-16 02:33:20', 1, 2, 3),
(437, '2015-07-16 02:32:02', '2015-07-16 02:33:02', 1, 6, 3),
(438, '2015-07-16 02:32:03', '2015-07-16 02:32:23', 1, 7, 3),
(439, '2015-07-16 02:32:22', '2015-07-16 02:33:21', 1, 5, 3),
(440, '2015-07-16 02:32:23', '2015-07-16 02:32:42', 1, 8, 3),
(441, '2015-07-16 02:32:39', '2015-07-16 02:33:00', 1, 1, 3),
(442, '2015-07-16 02:32:41', '2015-07-16 02:33:21', 1, 4, 3),
(443, '2015-07-16 02:33:02', '2015-07-16 02:33:22', 1, 7, 3),
(444, '2015-07-16 02:33:41', '2015-07-16 02:34:22', 1, 2, 3),
(445, '2015-07-16 02:34:05', '2015-07-16 02:34:25', 1, 8, 3),
(446, '2015-07-16 02:34:23', '2015-07-16 02:35:23', 1, 4, 3),
(447, '2015-07-16 02:34:24', '2015-07-16 02:34:43', 1, 5, 3),
(448, '2015-07-16 02:35:02', '2015-07-16 02:35:42', 1, 2, 3),
(449, '2015-07-16 02:35:03', '2015-07-16 02:36:23', 1, 5, 3),
(450, '2015-07-16 02:35:21', '2015-07-16 02:35:42', 1, 1, 3),
(451, '2015-07-16 02:35:24', '2015-07-16 02:35:44', 1, 6, 3),
(452, '2015-07-16 02:35:24', '2015-07-16 02:36:04', 1, 7, 3),
(453, '2015-07-16 02:36:02', '2015-07-16 02:36:42', 1, 2, 3),
(454, '2015-07-16 02:36:03', '2015-07-16 02:37:23', 1, 4, 3),
(455, '2015-07-16 02:36:05', '2015-07-16 02:37:25', 1, 8, 3),
(456, '2015-07-16 02:36:22', '2015-07-16 02:37:22', 1, 1, 3),
(457, '2015-07-16 02:36:24', '2015-07-16 02:36:44', 1, 7, 3),
(458, '2015-07-16 02:36:44', '2015-07-16 02:37:44', 1, 6, 3),
(459, '2015-07-16 02:37:02', '2015-07-16 02:37:22', 1, 2, 3),
(460, '2015-07-16 02:37:24', '2015-07-16 02:37:45', 1, 7, 3),
(461, '2015-07-16 02:37:43', '2015-07-16 02:38:03', 1, 4, 3),
(462, '2015-07-16 02:38:04', '2015-07-16 02:38:23', 1, 5, 3),
(463, '2015-07-16 02:38:05', '2015-07-16 02:38:24', 1, 7, 3),
(464, '2015-07-16 02:38:24', '2015-07-16 02:39:06', 1, 6, 3),
(465, '2015-07-16 02:38:25', '2015-07-16 02:39:07', 1, 8, 3),
(466, '2015-07-16 02:38:42', '2015-07-16 02:39:23', 1, 1, 3),
(467, '2015-07-16 02:38:42', '2015-07-16 02:39:03', 1, 2, 3),
(468, '2015-07-16 02:38:44', '2015-07-16 02:39:05', 1, 5, 3),
(469, '2015-07-16 02:39:23', '2015-07-16 02:39:43', 1, 2, 3),
(470, '2015-07-16 02:39:26', '2015-07-16 02:39:46', 1, 8, 3),
(471, '2015-07-16 02:39:44', '2015-07-16 02:40:43', 1, 4, 3),
(472, '2015-07-16 02:39:45', '2015-07-16 02:40:04', 1, 5, 3),
(473, '2015-07-16 02:40:03', '2015-07-16 02:40:23', 1, 2, 3),
(474, '2015-07-16 02:40:23', '2015-07-16 02:41:03', 1, 1, 3),
(475, '2015-07-16 02:40:25', '2015-07-16 02:40:45', 1, 6, 3),
(476, '2015-07-16 02:40:26', '2015-07-16 02:41:05', 1, 7, 3),
(477, '2015-07-16 02:40:26', '2015-07-16 02:40:46', 1, 8, 3),
(478, '2015-07-16 02:40:44', '2015-07-16 02:41:04', 1, 5, 3),
(479, '2015-07-16 02:41:23', '2015-07-16 02:41:44', 1, 1, 3),
(480, '2015-07-16 02:41:24', '2015-07-16 02:42:05', 1, 4, 3),
(481, '2015-07-16 02:41:24', '2015-07-16 02:41:45', 1, 5, 3),
(482, '2015-07-16 02:41:25', '2015-07-16 02:42:25', 1, 6, 3),
(483, '2015-07-16 02:42:04', '2015-07-16 02:42:44', 1, 2, 3),
(484, '2015-07-16 02:42:06', '2015-07-16 02:42:25', 1, 5, 3),
(485, '2015-07-16 02:42:07', '2015-07-16 02:42:26', 1, 7, 3),
(486, '2015-07-16 02:42:26', '2015-07-16 02:42:47', 1, 8, 3),
(487, '2015-07-16 02:42:46', '2015-07-16 02:43:28', 1, 7, 3),
(488, '2015-07-16 02:43:06', '2015-07-16 02:43:26', 1, 4, 3),
(489, '2015-07-16 02:43:06', '2015-07-16 02:43:27', 1, 5, 3),
(490, '2015-07-16 02:43:25', '2015-07-16 02:43:44', 1, 2, 3),
(491, '2015-07-16 02:43:27', '2015-07-16 02:43:46', 1, 6, 3),
(492, '2015-07-16 02:43:46', '2015-07-16 02:44:07', 1, 5, 3),
(493, '2015-07-16 02:43:47', '2015-07-16 02:44:08', 1, 7, 3),
(494, '2015-07-16 02:43:47', '2015-07-16 02:44:09', 1, 8, 3),
(495, '2015-07-16 02:44:08', '2015-07-16 02:44:28', 1, 6, 3),
(496, '2015-07-16 02:44:27', '2015-07-16 02:44:47', 1, 4, 3),
(497, '2015-07-16 02:44:28', '2015-07-16 02:44:48', 1, 5, 3),
(498, '2015-07-16 02:44:29', '2015-07-16 02:44:49', 1, 7, 3),
(499, '2015-07-16 02:44:48', '2015-07-16 02:45:08', 1, 6, 3),
(500, '2015-07-16 02:45:05', '2015-07-16 02:45:46', 1, 1, 3),
(501, '2015-07-16 02:45:06', '2015-07-16 02:45:26', 1, 2, 3),
(502, '2015-07-16 02:45:07', '2015-07-16 02:45:27', 1, 4, 3),
(503, '2015-07-16 02:45:08', '2015-07-16 02:45:28', 1, 7, 3),
(504, '2015-07-16 02:45:27', '2015-07-16 02:45:48', 1, 5, 3),
(505, '2015-07-16 02:45:46', '2015-07-16 02:46:06', 1, 2, 3),
(506, '2015-07-16 02:45:47', '2015-07-16 02:46:07', 1, 4, 3),
(507, '2015-07-16 02:45:49', '2015-07-16 02:46:09', 1, 8, 3),
(508, '2015-07-16 02:46:05', '2015-07-16 02:46:26', 1, 1, 3),
(509, '2015-07-16 02:46:08', '2015-07-16 02:46:28', 1, 6, 3),
(510, '2015-07-16 02:46:09', '2015-07-16 02:46:28', 1, 7, 3),
(511, '2015-07-16 02:46:27', '2015-07-16 02:47:06', 1, 4, 3),
(512, '2015-07-16 02:46:45', '2015-07-16 02:47:25', 1, 1, 3),
(513, '2015-07-16 02:47:07', '2015-07-16 02:47:27', 1, 5, 3),
(514, '2015-07-16 02:47:28', '2015-07-16 02:47:49', 1, 6, 3),
(515, '2015-07-16 02:47:28', '2015-07-16 02:47:50', 1, 7, 3),
(516, '2015-07-16 02:47:47', '2015-07-16 02:49:22', 1, 1, 3),
(517, '2015-07-16 02:47:48', '2015-07-16 02:48:29', 1, 4, 3),
(518, '2015-07-16 02:47:49', '2015-07-16 02:48:09', 1, 5, 3),
(519, '2015-07-16 02:48:08', '2015-07-16 02:48:28', 1, 2, 3),
(520, '2015-07-16 02:48:10', '2015-07-16 02:49:09', 1, 6, 3),
(521, '2015-07-16 02:48:10', '2015-07-16 02:48:30', 1, 7, 3),
(522, '2015-07-16 02:48:29', '2015-07-16 02:48:49', 1, 5, 3),
(523, '2015-07-16 02:48:48', '2015-07-16 02:49:49', 1, 2, 3),
(524, '2015-07-16 02:48:49', '2015-07-16 02:49:08', 1, 4, 3),
(525, '2015-07-16 02:49:09', '2015-07-16 02:49:24', 1, 5, 3),
(526, '2015-07-16 02:49:24', '2015-07-16 02:49:30', 1, 6, 3),
(527, '2015-07-16 02:49:28', '2015-07-16 02:50:05', 1, 4, 3),
(528, '2015-07-16 02:49:29', '2015-07-16 02:49:50', 1, 5, 3),
(529, '2015-07-16 02:49:31', '2015-07-16 02:50:07', 1, 8, 3),
(530, '2015-07-16 02:49:48', '2015-07-16 02:50:03', 1, 1, 3),
(531, '2015-07-16 02:49:50', '2015-07-16 02:50:06', 1, 6, 3),
(532, '2015-07-16 02:50:04', '2015-07-16 02:50:29', 1, 2, 3),
(533, '2015-07-16 02:50:05', '2015-07-16 02:50:10', 1, 5, 3),
(534, '2015-07-16 02:50:09', '2015-07-16 02:50:50', 1, 4, 3),
(535, '2015-07-16 02:50:10', '2015-07-16 02:50:51', 1, 6, 3),
(536, '2015-07-16 02:50:11', '2015-07-16 02:50:27', 1, 8, 3),
(537, '2015-07-16 02:50:23', '2015-07-16 02:50:29', 1, 1, 3),
(538, '2015-07-16 02:50:25', '2015-07-16 02:50:31', 1, 5, 3),
(539, '2015-07-16 02:50:52', '2015-07-16 02:51:10', 1, 8, 3),
(540, '2015-07-16 02:51:06', '2015-07-16 02:51:10', 1, 2, 3),
(541, '2015-07-16 02:51:09', '2015-07-16 02:52:30', 1, 6, 3),
(542, '2015-07-16 02:51:11', '2015-07-16 02:51:50', 1, 4, 3),
(543, '2015-07-16 02:51:12', '2015-07-16 02:51:32', 1, 8, 3),
(544, '2015-07-16 02:51:29', '2015-07-16 02:51:49', 1, 2, 3),
(545, '2015-07-16 02:51:48', '2015-07-16 02:52:08', 1, 1, 3),
(546, '2015-07-16 02:52:09', '2015-07-16 02:52:28', 1, 2, 3),
(547, '2015-07-16 02:52:10', '2015-07-16 02:52:30', 1, 4, 3),
(548, '2015-07-16 02:52:12', '2015-07-16 02:52:32', 1, 8, 3),
(549, '2015-07-16 02:52:31', '2015-07-16 02:52:52', 1, 7, 3),
(550, '2015-07-16 02:52:50', '2015-07-16 02:53:31', 1, 4, 3),
(551, '2015-07-16 02:52:51', '2015-07-16 02:53:52', 1, 6, 3),
(552, '2015-07-16 02:53:29', '2015-07-16 02:53:49', 1, 1, 3),
(553, '2015-07-16 02:53:31', '2015-07-16 02:53:51', 1, 5, 3),
(554, '2015-07-16 02:53:50', '2015-07-16 02:54:10', 1, 2, 3),
(555, '2015-07-16 02:53:51', '2015-07-16 02:54:11', 1, 4, 3),
(556, '2015-07-16 02:54:11', '2015-07-16 02:54:51', 1, 5, 3),
(557, '2015-07-16 02:54:12', '2015-07-16 02:54:51', 1, 6, 3),
(558, '2015-07-16 02:54:12', '2015-07-16 02:54:32', 1, 7, 3),
(559, '2015-07-16 02:54:30', '2015-07-16 02:55:11', 1, 4, 3),
(560, '2015-07-16 02:54:52', '2015-07-16 02:55:13', 1, 8, 3),
(561, '2015-07-16 02:55:09', '2015-07-16 02:55:29', 1, 1, 3),
(562, '2015-07-16 02:55:12', '2015-07-16 02:55:33', 1, 7, 3),
(563, '2015-07-16 02:55:30', '2015-07-16 02:55:48', 1, 2, 3),
(564, '2015-07-16 02:55:31', '2015-07-16 02:55:49', 1, 5, 3),
(565, '2015-07-16 02:55:32', '2015-07-16 02:55:50', 1, 6, 3),
(566, '2015-07-16 02:55:33', '2015-07-16 02:55:51', 1, 8, 3),
(567, '2015-07-16 02:55:47', '2015-07-16 02:55:51', 1, 1, 3),
(568, '2015-07-16 02:55:49', '2015-07-16 02:55:53', 1, 4, 3),
(569, '2015-07-16 02:55:52', '2015-07-16 02:56:07', 1, 2, 3),
(570, '2015-07-16 02:55:53', '2015-07-16 02:56:12', 1, 5, 3),
(571, '2015-07-16 02:56:07', '2015-07-16 02:56:11', 1, 1, 3),
(572, '2015-07-16 02:56:12', '2015-07-16 02:56:32', 1, 4, 3),
(573, '2015-07-16 02:56:13', '2015-07-16 02:56:34', 1, 7, 3),
(574, '2015-07-16 02:56:27', '2015-07-16 02:56:31', 1, 1, 3),
(575, '2015-07-16 02:56:29', '2015-07-16 02:56:49', 1, 5, 3),
(576, '2015-07-16 02:56:30', '2015-07-16 02:56:50', 1, 8, 3),
(577, '2015-07-16 02:56:47', '2015-07-16 02:57:08', 1, 2, 3),
(578, '2015-07-16 02:56:48', '2015-07-16 02:56:52', 1, 4, 3),
(579, '2015-07-16 02:56:53', '2015-07-16 02:57:09', 1, 5, 3),
(580, '2015-07-16 02:56:53', '2015-07-16 02:57:13', 1, 6, 3),
(581, '2015-07-16 02:56:54', '2015-07-16 02:57:30', 1, 7, 3),
(582, '2015-07-16 02:57:07', '2015-07-16 02:57:27', 1, 1, 3),
(583, '2015-07-16 02:57:27', '2015-07-16 02:57:31', 1, 2, 3),
(584, '2015-07-16 02:57:29', '2015-07-16 02:57:33', 1, 6, 3),
(585, '2015-07-16 02:57:30', '2015-07-16 02:57:34', 1, 8, 3),
(586, '2015-07-16 02:57:32', '2015-07-16 02:57:48', 1, 4, 3),
(587, '2015-07-16 02:57:33', '2015-07-16 02:57:49', 1, 5, 3),
(588, '2015-07-16 02:57:50', '2015-07-16 02:57:54', 1, 7, 3),
(589, '2015-07-16 02:57:51', '2015-07-16 02:58:07', 1, 1, 3),
(590, '2015-07-16 02:57:51', '2015-07-16 02:58:27', 1, 2, 3),
(591, '2015-07-16 02:57:52', '2015-07-16 02:58:08', 1, 4, 3),
(592, '2015-07-16 02:57:54', '2015-07-16 02:58:30', 1, 8, 3),
(593, '2015-07-16 02:58:09', '2015-07-16 02:58:29', 1, 6, 3),
(594, '2015-07-16 02:58:10', '2015-07-16 02:58:30', 1, 7, 3),
(595, '2015-07-16 02:58:11', '2015-07-16 02:58:47', 1, 1, 3),
(596, '2015-07-16 02:58:32', '2015-07-16 02:58:49', 1, 4, 3),
(597, '2015-07-16 02:58:48', '2015-07-16 02:58:52', 1, 2, 3),
(598, '2015-07-16 02:58:50', '2015-07-16 02:59:10', 1, 6, 3),
(599, '2015-07-16 02:58:51', '2015-07-16 02:59:10', 1, 8, 3),
(600, '2015-07-16 02:58:52', '2015-07-16 02:59:07', 1, 1, 3),
(601, '2015-07-16 02:58:54', '2015-07-16 02:59:09', 1, 5, 3),
(602, '2015-07-16 02:58:55', '2015-07-16 02:59:14', 1, 7, 3),
(603, '2015-07-16 02:59:11', '2015-07-16 02:59:31', 1, 1, 3),
(604, '2015-07-16 02:59:12', '2015-07-16 02:59:27', 1, 2, 3),
(605, '2015-07-16 02:59:13', '2015-07-16 02:59:33', 1, 4, 3),
(606, '2015-07-16 02:59:14', '2015-07-16 02:59:34', 1, 6, 3),
(607, '2015-07-16 02:59:30', '2015-07-16 02:59:35', 1, 8, 3),
(608, '2015-07-16 02:59:34', '2015-07-16 02:59:50', 1, 7, 3),
(609, '2015-07-16 02:59:47', '2015-07-16 02:59:51', 1, 1, 3),
(610, '2015-07-16 02:59:49', '2015-07-16 02:59:53', 1, 5, 3),
(611, '2015-07-16 02:59:49', '2015-07-16 02:59:54', 1, 6, 3),
(612, '2015-07-16 02:59:50', '2015-07-16 02:59:55', 1, 8, 3),
(613, '2015-07-16 02:59:52', '2015-07-16 03:00:09', 1, 2, 3),
(614, '2015-07-16 03:00:08', '2015-07-16 03:00:18', 1, 1, 3),
(615, '2015-07-16 03:00:11', '2015-07-16 03:00:23', 1, 5, 3),
(616, '2015-07-16 03:00:13', '2015-07-16 03:00:24', 1, 6, 3),
(617, '2015-07-16 03:00:23', '2015-07-16 03:00:28', 1, 4, 3),
(618, '2015-07-16 03:00:30', '2015-07-16 03:00:50', 1, 8, 3),
(619, '2015-07-16 03:00:35', '2015-07-16 03:00:49', 1, 6, 3),
(620, '2015-07-16 03:00:50', '2015-07-16 03:01:03', 1, 7, 3),
(621, '2015-07-16 03:00:53', '2015-07-16 03:01:53', 1, 1, 3),
(622, '2015-07-16 03:00:54', '2015-07-16 03:01:54', 1, 2, 3),
(623, '2015-07-16 03:01:02', '2015-07-16 03:01:22', 1, 5, 3),
(624, '2015-07-16 03:01:03', '2015-07-16 03:01:22', 1, 6, 3),
(625, '2015-07-16 03:01:23', '2015-07-16 03:01:31', 1, 8, 3),
(626, '2015-07-16 03:01:30', '2015-07-16 03:01:55', 1, 5, 3),
(627, '2015-07-16 03:01:38', '2015-07-16 03:01:55', 1, 4, 3),
(628, '2015-07-16 03:01:57', '2015-07-16 03:02:16', 1, 7, 3),
(629, '2015-07-16 03:02:04', '2015-07-16 03:02:44', 1, 1, 3),
(630, '2015-07-16 03:02:05', '2015-07-16 03:02:34', 1, 2, 3),
(631, '2015-07-16 03:02:06', '2015-07-16 03:02:36', 1, 5, 3),
(632, '2015-07-16 03:02:15', '2015-07-16 03:02:26', 1, 6, 3),
(633, '2015-07-16 03:02:25', '2015-07-16 03:02:35', 1, 4, 3),
(634, '2015-07-16 03:02:37', '2015-07-16 03:02:48', 1, 8, 3),
(635, '2015-07-16 03:02:46', '2015-07-16 03:02:57', 1, 5, 3),
(636, '2015-07-16 03:02:47', '2015-07-16 03:02:58', 1, 7, 3),
(637, '2015-07-16 03:02:55', '2015-07-16 03:03:42', 1, 2, 3),
(638, '2015-07-16 03:02:56', '2015-07-16 03:03:06', 1, 4, 3),
(639, '2015-07-16 03:02:58', '2015-07-16 03:03:18', 1, 8, 3),
(640, '2015-07-16 03:03:06', '2015-07-16 03:03:44', 1, 5, 3),
(641, '2015-07-16 03:03:07', '2015-07-16 03:03:17', 1, 6, 3),
(642, '2015-07-16 03:03:07', '2015-07-16 03:03:17', 1, 7, 3),
(643, '2015-07-16 03:03:34', '2015-07-16 03:03:41', 1, 1, 3),
(644, '2015-07-16 03:03:36', '2015-07-16 03:03:56', 1, 4, 3),
(645, '2015-07-16 03:03:38', '2015-07-16 03:03:57', 1, 7, 3),
(646, '2015-07-16 03:03:38', '2015-07-16 03:03:58', 1, 8, 3),
(647, '2015-07-16 03:04:02', '2015-07-16 03:04:22', 1, 2, 3),
(648, '2015-07-16 03:04:04', '2015-07-16 03:04:17', 1, 5, 3),
(649, '2015-07-16 03:04:05', '2015-07-16 03:04:18', 1, 7, 3),
(650, '2015-07-16 03:04:05', '2015-07-16 03:04:19', 1, 8, 3),
(651, '2015-07-16 03:04:17', '2015-07-16 03:04:43', 1, 4, 3),
(652, '2015-07-16 03:04:35', '2015-07-16 03:04:41', 1, 1, 3),
(653, '2015-07-16 03:04:44', '2015-07-16 03:04:57', 1, 5, 3),
(654, '2015-07-16 03:04:44', '2015-07-16 03:05:34', 1, 6, 3),
(655, '2015-07-16 03:04:45', '2015-07-16 03:05:18', 1, 7, 3),
(656, '2015-07-16 03:04:57', '2015-07-16 03:05:33', 1, 4, 3),
(657, '2015-07-16 03:05:01', '2015-07-16 03:05:32', 1, 1, 3),
(658, '2015-07-16 03:05:17', '2015-07-16 03:06:14', 1, 5, 3),
(659, '2015-07-16 03:05:35', '2015-07-16 03:05:59', 1, 7, 3),
(660, '2015-07-16 03:05:37', '2015-07-16 03:05:52', 1, 2, 3),
(661, '2015-07-16 03:05:38', '2015-07-16 03:05:53', 1, 4, 3),
(662, '2015-07-16 03:05:55', '2015-07-16 03:06:00', 1, 8, 3),
(663, '2015-07-16 03:05:56', '2015-07-16 03:06:12', 1, 2, 3),
(664, '2015-07-16 03:05:58', '2015-07-16 03:06:19', 1, 6, 3),
(665, '2015-07-16 03:06:13', '2015-07-16 03:06:18', 1, 4, 3),
(666, '2015-07-16 03:06:15', '2015-07-16 03:06:38', 1, 7, 3),
(667, '2015-07-16 03:06:16', '2015-07-16 03:06:35', 1, 1, 3),
(668, '2015-07-16 03:06:37', '2015-07-16 03:06:50', 1, 4, 3),
(669, '2015-07-16 03:06:39', '2015-07-16 03:06:52', 1, 8, 3),
(670, '2015-07-16 03:06:48', '2015-07-16 03:06:55', 1, 1, 3),
(671, '2015-07-16 03:06:51', '2015-07-16 03:06:58', 1, 6, 3),
(672, '2015-07-16 03:06:57', '2015-07-16 03:09:18', 1, 5, 3),
(673, '2015-07-16 03:07:10', '2015-07-16 03:07:17', 1, 4, 3),
(674, '2015-07-16 03:07:11', '2015-07-16 03:07:19', 1, 6, 3),
(675, '2015-07-16 03:07:12', '2015-07-16 03:07:19', 1, 7, 3),
(676, '2015-07-16 03:07:12', '2015-07-16 03:07:20', 1, 8, 3),
(677, '2015-07-16 03:07:16', '2015-07-16 03:08:37', 1, 2, 3),
(678, '2015-07-16 03:07:36', '2015-07-16 03:07:58', 1, 4, 3),
(679, '2015-07-16 03:07:56', '2015-07-16 03:08:16', 1, 1, 3),
(680, '2015-07-16 03:08:19', '2015-07-16 03:08:59', 1, 6, 3),
(681, '2015-07-16 03:08:19', '2015-07-16 03:08:39', 1, 7, 3),
(682, '2015-07-16 03:08:36', '2015-07-16 03:08:56', 1, 1, 3),
(683, '2015-07-16 03:08:38', '2015-07-16 03:09:58', 1, 4, 3),
(684, '2015-07-16 03:08:57', '2015-07-16 03:09:57', 1, 2, 3),
(685, '2015-07-16 03:09:18', '2015-07-16 03:09:39', 1, 6, 3),
(686, '2015-07-16 03:09:19', '2015-07-16 03:09:40', 1, 8, 3),
(687, '2015-07-16 03:09:56', '2015-07-16 03:10:37', 1, 1, 3),
(688, '2015-07-16 03:09:58', '2015-07-16 03:11:00', 1, 5, 3),
(689, '2015-07-16 03:09:59', '2015-07-16 03:10:19', 1, 7, 3),
(690, '2015-07-16 03:10:00', '2015-07-16 03:10:20', 1, 8, 3),
(691, '2015-07-16 03:10:18', '2015-07-16 03:10:39', 1, 4, 3),
(692, '2015-07-16 03:10:40', '0000-00-00 00:00:00', 1, 8, 3),
(693, '2015-07-16 03:10:57', '2015-07-16 03:11:18', 1, 1, 3),
(694, '2015-07-16 03:10:59', '2015-07-16 03:11:20', 1, 4, 3),
(695, '2015-07-16 03:11:19', '0000-00-00 00:00:00', 1, 2, 3),
(696, '2015-07-16 03:11:21', '0000-00-00 00:00:00', 1, 5, 3),
(697, '2015-07-16 03:11:22', '0000-00-00 00:00:00', 1, 7, 3);

-- --------------------------------------------------------

--
-- Estructura de tabla para la tabla `evento`
--

CREATE TABLE IF NOT EXISTS `evento` (
`id` int(30) NOT NULL,
  `nombre` varchar(30) COLLATE utf8_spanish_ci NOT NULL,
  `abreviatura` varchar(1) COLLATE utf8_spanish_ci NOT NULL
) ENGINE=InnoDB AUTO_INCREMENT=6 DEFAULT CHARSET=utf8 COLLATE=utf8_spanish_ci;

--
-- Volcado de datos para la tabla `evento`
--

INSERT INTO `evento` (`id`, `nombre`, `abreviatura`) VALUES
(1, 'prueba', 'P'),
(2, 'En Reposo', 'E'),
(3, 'Alarma', 'A'),
(4, 'Alarma Disparada por Cliente', 'B'),
(5, 'Alarma Disparada por Monitor', 'C');

-- --------------------------------------------------------

--
-- Estructura de tabla para la tabla `factura`
--

CREATE TABLE IF NOT EXISTS `factura` (
`id` int(30) NOT NULL,
  `fecha` date NOT NULL,
  `monto` int(11) NOT NULL,
  `nro_factura` int(11) NOT NULL,
  `estado` int(1) NOT NULL,
  `cliente_id` int(30) NOT NULL
) ENGINE=InnoDB AUTO_INCREMENT=10 DEFAULT CHARSET=utf8 COLLATE=utf8_spanish_ci;

--
-- RELACIONES PARA LA TABLA `factura`:
--   `cliente_id`
--       `cliente` -> `id`
--

--
-- Volcado de datos para la tabla `factura`
--

INSERT INTO `factura` (`id`, `fecha`, `monto`, `nro_factura`, `estado`, `cliente_id`) VALUES
(1, '2015-07-01', 4200, 1, 0, 3),
(2, '2015-07-01', 5400, 1, 1, 4),
(3, '2015-07-01', 5400, 1, 0, 5),
(4, '2015-07-01', 654, 1, 0, 6),
(5, '2015-07-01', 654, 1, 0, 7),
(6, '2015-07-01', 5400, 1, 0, 8),
(7, '2015-07-01', 5400, 1, 0, 9),
(8, '2015-06-01', 5400, 1, 1, 11),
(9, '2015-07-01', 5400, 2, 1, 11);

-- --------------------------------------------------------

--
-- Estructura de tabla para la tabla `localidad`
--

CREATE TABLE IF NOT EXISTS `localidad` (
`id` int(30) NOT NULL,
  `nombre` varchar(100) COLLATE utf8_spanish_ci NOT NULL
) ENGINE=InnoDB AUTO_INCREMENT=9 DEFAULT CHARSET=utf8 COLLATE=utf8_spanish_ci;

--
-- Volcado de datos para la tabla `localidad`
--

INSERT INTO `localidad` (`id`, `nombre`) VALUES
(1, 'Casanova'),
(2, 'Castelar'),
(3, 'Haedo'),
(4, 'Ituzaingo'),
(5, 'Morón'),
(6, 'Ramos Mejía'),
(7, 'San Justo'),
(8, 'Villa Luzuriaga');

-- --------------------------------------------------------

--
-- Estructura de tabla para la tabla `monitoreador`
--

CREATE TABLE IF NOT EXISTS `monitoreador` (
  `id` int(30) NOT NULL
) ENGINE=InnoDB DEFAULT CHARSET=utf8 COLLATE=utf8_spanish_ci;

--
-- RELACIONES PARA LA TABLA `monitoreador`:
--   `id`
--       `usuario` -> `id`
--

--
-- Volcado de datos para la tabla `monitoreador`
--

INSERT INTO `monitoreador` (`id`) VALUES
(2);

-- --------------------------------------------------------

--
-- Estructura de tabla para la tabla `perfil`
--

CREATE TABLE IF NOT EXISTS `perfil` (
  `id` int(30) NOT NULL,
  `nombre` varchar(70) COLLATE utf8_spanish_ci NOT NULL
) ENGINE=InnoDB DEFAULT CHARSET=utf8 COLLATE=utf8_spanish_ci;

--
-- Volcado de datos para la tabla `perfil`
--

INSERT INTO `perfil` (`id`, `nombre`) VALUES
(1, 'Cliente'),
(2, 'Monitoreador'),
(3, 'Administrador');

-- --------------------------------------------------------

--
-- Estructura de tabla para la tabla `producto`
--

CREATE TABLE IF NOT EXISTS `producto` (
  `id` int(30) NOT NULL,
  `nombre` varchar(70) COLLATE utf8_spanish_ci NOT NULL,
  `precio` decimal(6,2) NOT NULL
) ENGINE=InnoDB DEFAULT CHARSET=utf8 COLLATE=utf8_spanish_ci;

--
-- Volcado de datos para la tabla `producto`
--

INSERT INTO `producto` (`id`, `nombre`, `precio`) VALUES
(1, 'Plan Classic', '4000.00'),
(2, 'Plan Silver', '5000.00'),
(3, 'Plan Gold', '4.00'),
(4, 'Cuota Classic', '200.00'),
(5, 'Cuota Silver', '400.00'),
(6, 'Cuota Gold', '650.00');

-- --------------------------------------------------------

--
-- Estructura de tabla para la tabla `sistema`
--

CREATE TABLE IF NOT EXISTS `sistema` (
`id` int(30) NOT NULL,
  `direccion` varchar(100) COLLATE utf8_spanish_ci NOT NULL,
  `latitud` float(10,6) NOT NULL,
  `longitud` float(10,6) NOT NULL,
  `codigo_desbloqueo` int(100) NOT NULL,
  `estado` tinyint(4) NOT NULL,
  `cliente_id` int(30) NOT NULL,
  `localidad_id` int(30) NOT NULL
) ENGINE=InnoDB AUTO_INCREMENT=9 DEFAULT CHARSET=utf8 COLLATE=utf8_spanish_ci;

--
-- RELACIONES PARA LA TABLA `sistema`:
--   `cliente_id`
--       `cliente` -> `id`
--   `localidad_id`
--       `localidad` -> `id`
--

--
-- Volcado de datos para la tabla `sistema`
--

INSERT INTO `sistema` (`id`, `direccion`, `latitud`, `longitud`, `codigo_desbloqueo`, `estado`, `cliente_id`, `localidad_id`) VALUES
(1, 'Aguero 578', -34.662930, -58.622738, 1447, 0, 3, 5),
(2, 'Avenida Don Bosco 2712', -34.658325, -58.591785, 7234, 1, 4, 1),
(3, 'Rawson 17', -34.649994, -58.554466, 7289, 1, 5, 6),
(4, 'América 1918', -34.659874, -58.574512, 8666, 0, 6, 7),
(5, 'Venezuela 5786', -34.693172, -58.601219, 3916, 1, 7, 1),
(6, '9 de Julio 736', -34.656956, -58.618603, 6877, 0, 8, 5),
(7, 'Catamarca 435', 1.000000, 1.000000, 2113, 1, 9, 1),
(8, 'fefref', 4543.000000, 5554.000000, 7514, 1, 11, 6);

-- --------------------------------------------------------

--
-- Estructura de tabla para la tabla `usuario`
--

CREATE TABLE IF NOT EXISTS `usuario` (
`id` int(30) NOT NULL,
  `nick` varchar(70) COLLATE utf8_spanish_ci NOT NULL,
  `clave` varchar(70) COLLATE utf8_spanish_ci NOT NULL,
  `dni` int(30) NOT NULL,
  `nombre` varchar(70) COLLATE utf8_spanish_ci NOT NULL,
  `apellido` varchar(70) COLLATE utf8_spanish_ci NOT NULL,
  `mail` varchar(70) COLLATE utf8_spanish_ci NOT NULL,
  `registro` date NOT NULL,
  `estado` tinyint(1) NOT NULL COMMENT '0 de baja - 1 activo',
  `perfil_id` int(30) NOT NULL
) ENGINE=InnoDB AUTO_INCREMENT=12 DEFAULT CHARSET=utf8 COLLATE=utf8_spanish_ci;

--
-- RELACIONES PARA LA TABLA `usuario`:
--   `perfil_id`
--       `perfil` -> `id`
--

--
-- Volcado de datos para la tabla `usuario`
--

INSERT INTO `usuario` (`id`, `nick`, `clave`, `dni`, `nombre`, `apellido`, `mail`, `registro`, `estado`, `perfil_id`) VALUES
(1, 'pepe1234', '81dc9bdb52d04dc20036dbd8313ed055', 23556879, 'Pepe', 'Velazco', 'nachitop.-@hotmail.com', '2015-07-08', 1, 3),
(2, 'carla456', '250cf8b51c773f3f8dc8b4be867a9a02', 32548797, 'Carla', 'Benitez', 'caro@gmail.com', '2015-07-13', 1, 2),
(3, 'agus123', '202cb962ac59075b964b07152d234b70', 20546897, 'Agustin', 'Farías', 'agus@hotmail.com', '2015-07-13', 1, 1),
(4, 'guido1414', '7a674153c63cff1ad7f0e261c369ab2c', 30564231, 'Guido', 'Perez', 'guido@yahoo.com.ar', '2015-07-13', 1, 1),
(5, 'jose545', '647bba344396e7c8170902bcf2e15551', 35879454, 'Jose', 'Martinez', 'josesito@hotmail.com', '2015-07-13', 0, 1),
(6, 'david7777', 'd79c8788088c2193f0244d8f1f36d2db', 25656847, 'David', 'Gonzalez', 'david@yahoo.com.ar', '2015-07-13', 1, 1),
(7, 'silvia1212', 'a01610228fe998f515a72dd730294d87', 22564897, 'Silvia', 'Vaez', 'silvia@hotmail.com', '2015-07-13', 1, 1),
(8, 'laura2222', '934b535800b1cba8f96a5d72f72f1611', 45658787, 'Laura', 'Garcia', 'laura@gmail.com', '2015-07-13', 1, 1),
(9, 'juan333', '310dcbbf4cce62f762a2aaa148d556bd', 34324324, 'Juan', 'Perez', 'juan@gmail.com', '2015-07-14', 0, 1),
(10, 'martin222', 'bcbe3365e6ac95ea2c0343a2395834dd', 34, 'martin', 'sobremonte', 'asdasd@dasda.com', '2015-07-14', 1, 3),
(11, 'edu33', '3083202a936b7d0ef8b680d7ae73fa1a', 433543534, 'eduardo', 'perez', 'fkjk@kk.com', '2015-07-14', 1, 1);

--
-- Índices para tablas volcadas
--

--
-- Indices de la tabla `administrador`
--
ALTER TABLE `administrador`
 ADD PRIMARY KEY (`id`);

--
-- Indices de la tabla `camaras`
--
ALTER TABLE `camaras`
 ADD PRIMARY KEY (`id`), ADD KEY `camaras_ibfk_1` (`sistema_id`);

--
-- Indices de la tabla `cliente`
--
ALTER TABLE `cliente`
 ADD PRIMARY KEY (`id`);

--
-- Indices de la tabla `detalle`
--
ALTER TABLE `detalle`
 ADD PRIMARY KEY (`id`), ADD KEY `detalle_ibfk_1` (`factura_id`), ADD KEY `producto_id` (`producto_id`);

--
-- Indices de la tabla `disparo`
--
ALTER TABLE `disparo`
 ADD PRIMARY KEY (`id`), ADD KEY `disparo_ibfk_1` (`sistema_id`), ADD KEY `disparo_ibfk_3` (`evento_id`);

--
-- Indices de la tabla `evento`
--
ALTER TABLE `evento`
 ADD PRIMARY KEY (`id`);

--
-- Indices de la tabla `factura`
--
ALTER TABLE `factura`
 ADD PRIMARY KEY (`id`), ADD KEY `factura_ibfk_1` (`cliente_id`);

--
-- Indices de la tabla `localidad`
--
ALTER TABLE `localidad`
 ADD PRIMARY KEY (`id`);

--
-- Indices de la tabla `monitoreador`
--
ALTER TABLE `monitoreador`
 ADD PRIMARY KEY (`id`);

--
-- Indices de la tabla `perfil`
--
ALTER TABLE `perfil`
 ADD PRIMARY KEY (`id`);

--
-- Indices de la tabla `producto`
--
ALTER TABLE `producto`
 ADD PRIMARY KEY (`id`);

--
-- Indices de la tabla `sistema`
--
ALTER TABLE `sistema`
 ADD PRIMARY KEY (`id`), ADD KEY `sistema_ibfk_1` (`cliente_id`), ADD KEY `sistema_ibfk_2` (`localidad_id`);

--
-- Indices de la tabla `usuario`
--
ALTER TABLE `usuario`
 ADD PRIMARY KEY (`id`), ADD UNIQUE KEY `nick` (`nick`), ADD KEY `usuario_ibfk_1` (`perfil_id`);

--
-- AUTO_INCREMENT de las tablas volcadas
--

--
-- AUTO_INCREMENT de la tabla `camaras`
--
ALTER TABLE `camaras`
MODIFY `id` int(30) NOT NULL AUTO_INCREMENT,AUTO_INCREMENT=23;
--
-- AUTO_INCREMENT de la tabla `detalle`
--
ALTER TABLE `detalle`
MODIFY `id` int(30) NOT NULL AUTO_INCREMENT,AUTO_INCREMENT=17;
--
-- AUTO_INCREMENT de la tabla `disparo`
--
ALTER TABLE `disparo`
MODIFY `id` int(30) NOT NULL AUTO_INCREMENT,AUTO_INCREMENT=698;
--
-- AUTO_INCREMENT de la tabla `evento`
--
ALTER TABLE `evento`
MODIFY `id` int(30) NOT NULL AUTO_INCREMENT,AUTO_INCREMENT=6;
--
-- AUTO_INCREMENT de la tabla `factura`
--
ALTER TABLE `factura`
MODIFY `id` int(30) NOT NULL AUTO_INCREMENT,AUTO_INCREMENT=10;
--
-- AUTO_INCREMENT de la tabla `localidad`
--
ALTER TABLE `localidad`
MODIFY `id` int(30) NOT NULL AUTO_INCREMENT,AUTO_INCREMENT=9;
--
-- AUTO_INCREMENT de la tabla `sistema`
--
ALTER TABLE `sistema`
MODIFY `id` int(30) NOT NULL AUTO_INCREMENT,AUTO_INCREMENT=9;
--
-- AUTO_INCREMENT de la tabla `usuario`
--
ALTER TABLE `usuario`
MODIFY `id` int(30) NOT NULL AUTO_INCREMENT,AUTO_INCREMENT=12;
--
-- Restricciones para tablas volcadas
--

--
-- Filtros para la tabla `administrador`
--
ALTER TABLE `administrador`
ADD CONSTRAINT `administrador_ibfk_1` FOREIGN KEY (`id`) REFERENCES `usuario` (`id`) ON DELETE CASCADE ON UPDATE CASCADE;

--
-- Filtros para la tabla `camaras`
--
ALTER TABLE `camaras`
ADD CONSTRAINT `camaras_ibfk_1` FOREIGN KEY (`sistema_id`) REFERENCES `sistema` (`id`) ON DELETE CASCADE ON UPDATE CASCADE;

--
-- Filtros para la tabla `cliente`
--
ALTER TABLE `cliente`
ADD CONSTRAINT `cliente_ibfk_1` FOREIGN KEY (`id`) REFERENCES `usuario` (`id`);

--
-- Filtros para la tabla `detalle`
--
ALTER TABLE `detalle`
ADD CONSTRAINT `detalle_ibfk_1` FOREIGN KEY (`factura_id`) REFERENCES `factura` (`id`) ON DELETE CASCADE ON UPDATE CASCADE,
ADD CONSTRAINT `detalle_ibfk_2` FOREIGN KEY (`producto_id`) REFERENCES `producto` (`id`);

--
-- Filtros para la tabla `disparo`
--
ALTER TABLE `disparo`
ADD CONSTRAINT `disparo_ibfk_2` FOREIGN KEY (`sistema_id`) REFERENCES `sistema` (`id`) ON DELETE CASCADE ON UPDATE CASCADE,
ADD CONSTRAINT `disparo_ibfk_3` FOREIGN KEY (`evento_id`) REFERENCES `evento` (`id`) ON DELETE CASCADE ON UPDATE CASCADE;

--
-- Filtros para la tabla `factura`
--
ALTER TABLE `factura`
ADD CONSTRAINT `factura_ibfk_1` FOREIGN KEY (`cliente_id`) REFERENCES `cliente` (`id`) ON DELETE CASCADE ON UPDATE CASCADE;

--
-- Filtros para la tabla `monitoreador`
--
ALTER TABLE `monitoreador`
ADD CONSTRAINT `monitoreador_ibfk_1` FOREIGN KEY (`id`) REFERENCES `usuario` (`id`) ON DELETE CASCADE ON UPDATE CASCADE;

--
-- Filtros para la tabla `sistema`
--
ALTER TABLE `sistema`
ADD CONSTRAINT `sistema_ibfk_1` FOREIGN KEY (`cliente_id`) REFERENCES `cliente` (`id`) ON DELETE CASCADE ON UPDATE CASCADE,
ADD CONSTRAINT `sistema_ibfk_2` FOREIGN KEY (`localidad_id`) REFERENCES `localidad` (`id`) ON DELETE CASCADE ON UPDATE CASCADE;

--
-- Filtros para la tabla `usuario`
--
ALTER TABLE `usuario`
ADD CONSTRAINT `usuario_ibfk_1` FOREIGN KEY (`perfil_id`) REFERENCES `perfil` (`id`) ON DELETE CASCADE ON UPDATE CASCADE;

/*!40101 SET CHARACTER_SET_CLIENT=@OLD_CHARACTER_SET_CLIENT */;
/*!40101 SET CHARACTER_SET_RESULTS=@OLD_CHARACTER_SET_RESULTS */;
/*!40101 SET COLLATION_CONNECTION=@OLD_COLLATION_CONNECTION */;
